city,year,own_area_km2,ghsl_urban_centre_area_km2,area_ratio,perimeter_area_ratio,reliable
Athens,2000,38.98812574261648,374.541952,0.10409548392222959,5.98338921387228,true
Athens,2005,38.98812574261648,374.541952,0.10409548392222959,5.98338921387228,true
Athens,2010,38.98812574261648,377.684723,0.10322928985035087,5.98338921387228,true
Athens,2015,38.98812574261648,377.684723,0.10322928985035087,5.98338921387228,true
Athens,2020,38.98812574261648,383.98315875,0.10153603056325836,5.98338921387228,true
Brasília,2000,5761.51911834171,-1,-1,5.040385451079174,true
Brasília,2005,5761.51911834171,-1,-1,5.040385451079174,true
Brasília,2010,5761.51911834171,-1,-1,5.040385451079174,true
Brasília,2015,5761.51911834171,-1,-1,5.040385451079174,true
Brasília,2020,5761.51911834171,-1,-1,5.040385451079174,true
Dhaka,2000,1475.5611041999769,240.25486525,6.141649213490701,8.50976547565316,true
Dhaka,2005,1475.5611041999769,243.894291,6.0500026390530675,8.50976547565316,true
Dhaka,2010,1475.5611041999769,269.36678175,5.477888159088039,8.50976547565316,true
Dhaka,2015,1475.5611041999769,298.47721875,4.9436305738157005,8.50976547565316,true
Dhaka,2020,1475.5611041999769,320.318712,4.606540451498746,8.50976547565316,true
Riyadh,2000,8516.67694776753,683.936437,12.452439272171034,5.934336653489386,true
Riyadh,2005,8516.67694776753,694.79442425,12.25783721128866,5.934336653489386,true
Riyadh,2010,8516.67694776753,752.729127,11.314398024838928,5.934336653489386,true
Riyadh,2015,8516.67694776753,821.48602775,10.367403291196794,5.934336653489386,true
Riyadh,2020,8516.67694776753,958.9830775,8.880946022499057,5.934336653489386,true
Warsaw,2000,517.1780722541495,282.297341,1.8320330982293929,5.929649602517925,true
Warsaw,2005,517.1780722541495,304.391219,1.6990571342800447,5.929649602517925,true
Warsaw,2010,517.1780722541495,323.987169,1.596291834181092,5.929649602517925,true
Warsaw,2015,517.1780722541495,341.194332,1.515787408373916,5.929649602517925,true
Warsaw,2020,517.1780722541495,360.89345775,1.4330491760047692,5.929649602517925,true
Nairobi,2000,695.4920662363359,329.6986575,2.1094780048849175,7.128733126290731,true
Nairobi,2005,695.4920662363359,337.64337,2.059842212321053,7.128733126290731,true
Nairobi,2010,695.4920662363359,393.25628125,1.7685466180620246,7.128733126290731,true
Nairobi,2015,695.4920662363359,429.00657475,1.6211687819507847,7.128733126290731,true
Nairobi,2020,695.4920662363359,484.61944625,1.435130330856664,7.128733126290731,true
Hà Nội,2000,3353.668846462538,349.267952,9.601994191733166,8.268789131243192,true
Hà Nội,2005,3353.668846462538,482.9926325,6.9435196746247225,8.268789131243192,true
Hà Nội,2010,3353.668846462538,650.19616775,5.157933886426752,8.268789131243192,true
Hà Nội,2015,3353.668846462538,698.52114825,4.801098513430066,8.268789131243192,true
Hà Nội,2020,3353.668846462538,769.131693,4.360331107123598,8.268789131243192,true
Tashkent,2000,636.4016042307272,435.51732725,1.4612543850991573,5.03432442398317,true
Tashkent,2005,636.4016042307272,450.52961925,1.4125632967043316,5.03432442398317,true
Tashkent,2010,636.4016042307272,459.54156825,1.3848618888912172,5.03432442398317,true
Tashkent,2015,636.4016042307272,492.5581935,1.2920333325664741,5.03432442398317,true
Tashkent,2020,636.4016042307272,519.54269125,1.2249264881381916,5.03432442398317,true
Vienna,2000,414.85008265444054,256.14626925,1.619582763665181,6.709189198114706,true
Vienna,2005,414.85008265444054,290.845295,1.426359957634661,6.709189198114706,true
Vienna,2010,414.85008265444054,290.845295,1.426359957634661,6.709189198114706,true
Vienna,2015,414.85008265444054,301.5187865,1.3758681091482854,6.709189198114706,true
Vienna,2020,414.85008265444054,301.5187865,1.3758681091482854,6.709189198114706,true
Berlin,2000,891.1219334982651,641.64501,1.3888083279853842,7.869883986144028,true
Berlin,2005,891.1219334982651,641.64501,1.3888083279853842,7.869883986144028,true
Berlin,2010,891.1219334982651,646.508977,1.3783597215205647,7.869883986144028,true
Berlin,2015,891.1219334982651,648.9439255,1.37318788031134,7.869883986144028,true
Berlin,2020,891.1219334982651,661.123599,1.3478900690372497,7.869883986144028,true
Seoul,2000,606.352085677562,1140.1553675,0.5318153147909133,7.565106027107781,true
Seoul,2005,606.352085677562,1644.97863425,0.36860787918623505,7.565106027107781,true
Seoul,2010,606.352085677562,1790.95031275,0.33856443775177086,7.565106027107781,true
Seoul,2015,606.352085677562,1867.08253675,0.32475912218269104,7.565106027107781,true
Seoul,2020,606.352085677562,2047.4053115,0.29615635080741654,7.565106027107781,true
Delhi,2000,1477.5498248749464,1396.27128625,1.058211136636089,6.048871527368543,true
Delhi,2005,1477.5498248749464,1501.27835275,0.9841944514609243,6.048871527368543,true
Delhi,2010,1477.5498248749464,1553.74941825,0.950957604566071,6.048871527368543,true
Delhi,2015,1477.5498248749464,1704.25459225,0.8669771708957215,6.048871527368543,true
Delhi,2020,1477.5498248749464,1826.740718,0.8088448515521327,6.048871527368543,true
Bangkok,2000,1571.369439479228,1517.7998815,1.035294216735797,7.9284372934059695,true
Bangkok,2005,1571.369439479228,1730.2385025,0.9081808301045063,7.9284372934059695,true
Bangkok,2010,1571.369439479228,2147.30994275,0.731785108518996,7.9284372934059695,true
Bangkok,2015,1571.369439479228,2321.1216125,0.6769871216643234,7.9284372934059695,true
Bangkok,2020,1571.369439479228,2394.49477375,0.6562425847429678,7.9284372934059695,true
Doha,2000,210.18898745415527,180.07813975,1.1672098998021512,16.04771817395211,true
Doha,2005,210.18898745415527,180.07813975,1.1672098998021512,16.04771817395211,true
Doha,2010,210.18898745415527,226.92240325,0.9262593046954047,16.04771817395211,true
Doha,2015,210.18898745415527,280.93897925,0.7481659825748629,16.04771817395211,true
Doha,2020,210.18898745415527,313.362479,0.6707535251983862,16.04771817395211,true
Kyiv,2000,821.7646422651461,316.28902275,2.5981446814696514,8.56457823610925,true
Kyiv,2005,821.7646422651461,334.16803525,2.4591359902222907,8.56457823610925,true
Kyiv,2010,821.7646422651461,362.237502,2.2685796962710563,8.56457823610925,true
Kyiv,2015,821.7646422651461,367.339912,2.2370687622562127,8.56457823610925,true
Kyiv,2020,821.7646422651461,380.1117285,2.1619028844703116,8.56457823610925,true
Bucharest,2000,238.98690864381896,197.0811035,1.212632283864896,6.712244816270448,true
Bucharest,2005,238.98690864381896,205.64687375,1.1621227412109831,6.712244816270448,true
Bucharest,2010,238.98690864381896,211.355366,1.1307349946526504,6.712244816270448,true
Bucharest,2015,238.98690864381896,217.061258,1.1010113497260712,6.712244816270448,true
Bucharest,2020,238.98690864381896,222.7723465,1.07278534521258,6.712244816270448,true
Tbilisi,2000,504.64306239141587,92.4891605,5.456240057356947,6.675599499547222,true
Tbilisi,2005,504.64306239141587,101.42991375,4.975288292517313,6.675599499547222,true
Tbilisi,2010,504.64306239141587,104.413727,4.833110328409366,6.675599499547222,true
Tbilisi,2015,504.64306239141587,104.413727,4.833110328409366,6.675599499547222,true
Tbilisi,2020,504.64306239141587,110.37806575,4.5719505860376595,6.675599499547222,true
Ulaanbaatar,2000,4736.112356214016,128.758073,36.78303228578154,6.964280648210939,true
Ulaanbaatar,2005,4736.112356214016,147.5344655,32.10173528038447,6.964280648210939,true
Ulaanbaatar,2010,4736.112356214016,152.9025675,30.97470783944825,6.964280648210939,true
Ulaanbaatar,2015,4736.112356214016,166.3090155,28.477784815063234,6.964280648210939,true
Ulaanbaatar,2020,4736.112356214016,168.989385,28.02609380591577,6.964280648210939,true
Dar es-Salaam,2000,1635.9005065127146,434.0356725,3.769046210165398,9.669374526344763,true
Dar es-Salaam,2005,1635.9005065127146,501.1225955,3.264471650655622,9.669374526344763,true
Dar es-Salaam,2010,1635.9005065127146,639.21568575,2.559230855846867,9.669374526344763,true
Dar es-Salaam,2015,1635.9005065127146,706.29388925,2.3161753646911007,9.669374526344763,true
Dar es-Salaam,2020,1635.9005065127146,785.20939775,2.0833939471437186,9.669374526344763,true
Maputo,2000,329.7944904275352,308.154135,1.0702257505891823,9.825215111953721,true
Maputo,2005,329.7944904275352,354.77214625,0.9295952174191725,9.825215111953721,true
Maputo,2010,329.7944904275352,422.9130855,0.7798162358528752,9.825215111953721,true
Maputo,2015,329.7944904275352,491.04123425,0.6716228035945949,9.825215111953721,true
Maputo,2020,329.7944904275352,494.6261715,0.6667550352772532,9.825215111953721,true
Gaborone,2000,256.4664187808708,61.53470975,4.167833403664845,6.369340317937513,true
Gaborone,2005,256.4664187808708,61.53470975,4.167833403664845,6.369340317937513,true
Gaborone,2010,256.4664187808708,68.77642225,3.728987498777182,6.369340317937513,true
Gaborone,2015,256.4664187808708,68.77642225,3.728987498777182,6.369340317937513,true
Gaborone,2020,256.4664187808708,68.77642225,3.728987498777182,6.369340317937513,true
Special capital Region of Jakarta,2000,1027.1688330614202,2618.73287775,0.3922388731545455,5.400872384621,true
Special capital Region of Jakarta,2005,1027.1688330614202,2776.7149205,0.36992232276997994,5.400872384621,true
Special capital Region of Jakarta,2010,1027.1688330614202,2950.486833,0.3481353726351031,5.400872384621,true
Special capital Region of Jakarta,2015,1027.1688330614202,3076.889872,0.3338334733422725,5.400872384621,true
Special capital Region of Jakarta,2020,1027.1688330614202,3179.5738155,0.3230523625695081,5.400872384621,true
New York,2000,1017.8598974155656,2649.72285125,0.38413824937781427,5.1518492689390545,true
New York,2005,1017.8598974155656,2670.8887565,0.381094081488214,5.1518492689390545,true
New York,2010,1017.8598974155656,2749.4183495,0.3702091744607255,5.1518492689390545,true
New York,2015,1017.8598974155656,2797.9550595,0.3637870786950592,5.1518492689390545,true
New York,2020,1017.8598974155656,2788.90809875,0.3649671704391315,5.1518492689390545,true
Mumbai,2000,388.55776953419524,439.89405775,0.8832985185606209,5.705088820952304,true
Mumbai,2005,388.55776953419524,451.16522475,0.8612316468972163,5.705088820952304,true
Mumbai,2010,388.55776953419524,522.5827115,0.7435335325558226,5.705088820952304,true
Mumbai,2015,388.55776953419524,541.3904445,0.7177034125399959,5.705088820952304,true
Mumbai,2020,388.55776953419524,548.91187775,0.7078691230492238,5.705088820952304,true
Karachi Division,2000,3848.225056663546,578.04432375,6.657318303376119,6.108114535800952,true
Karachi Division,2005,3848.225056663546,617.7657095,6.229262967311957,6.108114535800952,true
Karachi Division,2010,3848.225056663546,653.8898495,5.885127379796628,6.108114535800952,true
Karachi Division,2015,3848.225056663546,686.39979825,5.60639013367243,6.108114535800952,true
Karachi Division,2020,3848.225056663546,715.29657675,5.37990140278348,6.108114535800952,true
Baghdad,2000,861.6850758017695,483.32065125,1.7828434882168083,5.390488539845737,true
Baghdad,2005,861.6850758017695,499.9670245,1.7234838170847595,5.390488539845737,true
Baghdad,2010,861.6850758017695,513.3061285,1.6786962554291216,5.390488539845737,true
Baghdad,2015,861.6850758017695,563.3316265,1.5296231123316304,5.390488539845737,true
Baghdad,2020,861.6850758017695,590.00981675,1.4604588793933309,5.390488539845737,true
Manila,2000,61.01146881244257,1550.93371775,0.039338540463840256,4.630787536752201,true
Manila,2005,61.01146881244257,1858.43340725,0.03282951574935566,4.630787536752201,true
Manila,2010,61.01146881244257,2000.94757625,0.030491287996052798,4.630787536752201,true
Manila,2015,61.01146881244257,2147.08769825,0.02841591839130299,4.630787536752201,true
Manila,2020,61.01146881244257,2162.48749475,0.0282135591352846,4.630787536752201,true
Toronto,2000,665.9176984928405,1335.3178575,0.49869601814475883,4.879203630970668,true
Toronto,2005,665.9176984928405,1361.35039425,0.48915966183688536,4.879203630970668,true
Toronto,2010,665.9176984928405,1465.66395875,0.45434541425223574,4.879203630970668,true
Toronto,2015,665.9176984928405,1468.546213,0.4534536895045879,4.879203630970668,true
Toronto,2020,665.9176984928405,1483.01814825,0.4490286914415988,4.879203630970668,true
San Francisco,2000,210.5266075354415,205.34803875,1.0252184964461537,6.599843698297121,true
San Francisco,2005,210.5266075354415,205.34803875,1.0252184964461537,6.599843698297121,true
San Francisco,2010,210.5266075354415,205.34803875,1.0252184964461537,6.599843698297121,true
San Francisco,2015,210.5266075354415,205.34803875,1.0252184964461537,6.599843698297121,true
San Francisco,2020,210.5266075354415,205.34803875,1.0252184964461537,6.599843698297121,true
City of Georgetown,2000,37.0880022063266,3.94586775,9.3992005196643,4.467381244726265,false
City of Georgetown,2005,37.0880022063266,3.94586775,9.3992005196643,4.467381244726265,false
City of Georgetown,2010,37.0880022063266,27.62179275,1.342708003857809,4.467381244726265,true
City of Georgetown,2015,37.0880022063266,27.62179275,1.342708003857809,4.467381244726265,true
City of Georgetown,2020,37.0880022063266,27.62179275,1.342708003857809,4.467381244726265,true
Bandung City,2000,167.35174351421958,635.13346725,0.2634906710849594,6.985244528965659,true
Bandung City,2005,167.35174351421958,694.30954475,0.24103333272550345,6.985244528965659,true
Bandung City,2010,167.35174351421958,725.868747,0.2305537250444805,6.985244528965659,true
Bandung City,2015,167.35174351421958,875.743485,0.19109676107292947,6.985244528965659,true
Bandung City,2020,167.35174351421958,887.58051075,0.1885482403988438,6.985244528965659,true
Surabaya,2000,337.09503627680374,677.9015485,0.4972625258382984,7.1755844885488465,true
Surabaya,2005,337.09503627680374,930.04721825,0.36244937854993015,7.1755844885488465,true
Surabaya,2010,337.09503627680374,1115.2546085,0.3022583665717296,7.1755844885488465,true
Surabaya,2015,337.09503627680374,1138.89593,0.2959840556079639,7.1755844885488465,true
Surabaya,2020,337.09503627680374,1138.89593,0.2959840556079639,7.1755844885488465,true
City of Medan,2000,283.91032213848814,341.0457595,0.8324698789825832,10.937715239307165,true
City of Medan,2005,283.91032213848814,345.01126525,0.8229015998441753,10.937715239307165,true
City of Medan,2010,283.91032213848814,356.90854175,0.7954707969341789,10.937715239307165,true
City of Medan,2015,283.91032213848814,372.77048775,0.7616223157904435,10.937715239307165,true
City of Medan,2020,283.91032213848814,372.77048775,0.7616223157904435,10.937715239307165,true
Denpasar,2000,149.88461546701143,200.38497375,0.747983307640658,6.050311858579374,true
Denpasar,2005,149.88461546701143,204.31418475,0.7335986762270622,6.050311858579374,true
Denpasar,2010,149.88461546701143,255.40283725,0.5868557181308738,6.050311858579374,true
Denpasar,2015,149.88461546701143,259.33223075,0.57796369943504,6.050311858579374,true
Denpasar,2020,149.88461546701143,259.33223075,0.57796369943504,6.050311858579374,true
Kathmandu Metropolitan City,2000,49.54706086376381,148.20688175,0.3343101229762147,6.175135952329177,true
Kathmandu Metropolitan City,2005,49.54706086376381,204.6652175,0.24208833073340275,6.175135952329177,true
Kathmandu Metropolitan City,2010,49.54706086376381,239.94629225,0.20649229625161591,6.175135952329177,true
Kathmandu Metropolitan City,2015,49.54706086376381,268.18057575,0.184752608294614,6.175135952329177,true
Kathmandu Metropolitan City,2020,49.54706086376381,282.28435475,0.17552180994105843,6.175135952329177,true
Lisbon,2000,86.81390617617181,295.9654505,0.29332446077577495,5.494062525310464,true
Lisbon,2005,86.81390617617181,352.0285285,0.2466104282686618,5.494062525310464,true
Lisbon,2010,86.81390617617181,352.0285285,0.2466104282686618,5.494062525310464,true
Lisbon,2015,86.81390617617181,373.82114025,0.23223380603385183,5.494062525310464,true
Lisbon,2020,86.81390617617181,373.82114025,0.23223380603385183,5.494062525310464,true
Brussels,2000,33.08398911382883,177.051366,0.18686096504801228,10.104930661817304,true
Brussels,2005,33.08398911382883,182.10573725,0.18167461175816868,10.104930661817304,true
Brussels,2010,33.08398911382883,184.63629525,0.17918464551637947,10.104930661817304,true
Brussels,2015,33.08398911382883,189.70318775,0.1743986988633449,10.104930661817304,true
Brussels,2020,33.08398911382883,189.70318775,0.1743986988633449,10.104930661817304,true
Adelaide,2000,1622.5731025293103,412.46638325,3.933831139750976,8.210290106612737,true
Adelaide,2005,1622.5731025293103,415.7421855,3.9028348796932715,8.210290106612737,true
Adelaide,2010,1622.5731025293103,419.01868925,3.872316782417385,8.210290106612737,true
Adelaide,2015,1622.5731025293103,419.01868925,3.872316782417385,8.210290106612737,true
Adelaide,2020,1622.5731025293103,419.01868925,3.872316782417385,8.210290106612737,true
Melbourne,2000,8817.740090899468,1116.378108,7.898524727161227,9.164587981493012,true
Melbourne,2005,8817.740090899468,1242.61544525,7.096113382950459,9.164587981493012,true
Melbourne,2010,8817.740090899468,1334.022208,6.609890028831864,9.164587981493012,true
Melbourne,2015,8817.740090899468,1378.1783615,6.398112419427555,9.164587981493012,true
Melbourne,2020,8817.740090899468,1409.71576525,6.254977285676963,9.164587981493012,true
Sydney,2000,4359.180555506173,1133.02516825,3.8473819273044847,11.261689826898563,true
Sydney,2005,4359.180555506173,1159.57190825,3.75930162199682,11.261689826898563,true
Sydney,2010,4359.180555506173,1182.7637365,3.68558860994989,11.261689826898563,true
Sydney,2015,4359.180555506173,1192.695139,3.654899238678102,11.261689826898563,true
Sydney,2020,4359.180555506173,1245.7708825,3.4991832099641105,11.261689826898563,true
Hobart,2000,1019.5318372474937,2.92979325,347.98763948530967,15.994140061647874,false
Hobart,2005,1019.5318372474937,2.92979325,347.98763948530967,15.994140061647874,false
Hobart,2010,1019.5318372474937,2.92979325,347.98763948530967,15.994140061647874,false
Hobart,2015,1019.5318372474937,2.92979325,347.98763948530967,15.994140061647874,false
Hobart,2020,1019.5318372474937,2.92979325,347.98763948530967,15.994140061647874,false
Vientiane Capital,2000,551.8280223113932,49.195707,11.21699546489683,7.314685315548623,true
Vientiane Capital,2005,551.8280223113932,52.979443,10.415889467003138,7.314685315548623,true
Vientiane Capital,2010,551.8280223113932,64.329899,8.578095580585215,7.314685315548623,true
Vientiane Capital,2015,551.8280223113932,64.329899,8.578095580585215,7.314685315548623,true
Vientiane Capital,2020,551.8280223113932,52.9771885,10.41633272613916,7.314685315548623,true
Sofia,2000,454.1235495166915,152.81746375,2.9716731214673855,8.548612968484028,true
Sofia,2005,454.1235495166915,152.81746375,2.9716731214673855,8.548612968484028,true
Sofia,2010,454.1235495166915,182.23113225,2.492019579254365,8.548612968484028,true
Sofia,2015,454.1235495166915,182.23113225,2.492019579254365,8.548612968484028,true
Sofia,2020,454.1235495166915,182.23113225,2.492019579254365,8.548612968484028,true
Buenos Aires,2000,205.58318910677463,1743.12283525,0.11793958804818809,6.021391910432448,true
Buenos Aires,2005,205.58318910677463,1818.646517,0.11304186227783299,6.021391910432448,true
Buenos Aires,2010,205.58318910677463,1897.46975125,0.10834596386653446,6.021391910432448,true
Buenos Aires,2015,205.58318910677463,1999.28169325,0.10282852576546225,6.021391910432448,true
Buenos Aires,2020,205.58318910677463,2005.82978675,0.10249283885641979,6.021391910432448,true
Noumea,2000,49.99612025716911,18.41884,2.714401138028731,15.43679797642208,true
Noumea,2005,49.99612025716911,18.41884,2.714401138028731,15.43679797642208,true
Noumea,2010,49.99612025716911,18.41884,2.714401138028731,15.43679797642208,true
Noumea,2015,49.99612025716911,33.1574235,1.5078409291110666,15.43679797642208,true
Noumea,2020,49.99612025716911,36.8418385,1.3570473758297679,15.43679797642208,true
Los Angeles,2000,1265.919150905036,3230.9788775,0.39180669354438885,14.129896183483098,true
Los Angeles,2005,1265.919150905036,3250.7739845,0.38942084467916227,14.129896183483098,true
Los Angeles,2010,1265.919150905036,3445.71581425,0.3673893086799957,14.129896183483098,true
Los Angeles,2015,1265.919150905036,3611.04406325,0.3505687354492395,14.129896183483098,true
Los Angeles,2020,1265.919150905036,3773.14772825,0.3355074442028736,14.129896183483098,true
Chicago,2000,607.2615626891354,1863.35443075,0.3258969698237778,9.674112716471178,true
Chicago,2005,607.2615626891354,1872.29751025,0.3243403141672983,9.674112716471178,true
Chicago,2010,607.2615626891354,1872.31732175,0.32433688223401463,9.674112716471178,true
Chicago,2015,607.2615626891354,1884.1915815,0.3222928966733288,9.674112716471178,true
Chicago,2020,607.2615626891354,1881.18633375,0.32280776858430943,9.674112716471178,true
Madrid,2000,604.7554162123907,416.927766,1.450504057368035,7.104854942892661,true
Madrid,2005,604.7554162123907,453.46253025,1.3336392223608442,7.104854942892661,true
Madrid,2010,604.7554162123907,474.75132325,1.2738361887491396,7.104854942892661,true
Madrid,2015,604.7554162123907,480.830069,1.2577321078736254,7.104854942892661,true
Madrid,2020,604.7554162123907,520.4781,1.1619228863085511,7.104854942892661,true
Rome,2000,1285.5350271621244,380.919204,3.3748233579794116,9.255090389060758,true
Rome,2005,1285.5350271621244,380.919204,3.3748233579794116,9.255090389060758,true
Rome,2010,1285.5350271621244,380.919204,3.3748233579794116,9.255090389060758,true
Rome,2015,1285.5350271621244,386.863773,3.322965645486078,9.255090389060758,true
Rome,2020,1285.5350271621244,422.53201175,3.04245593567651,9.255090389060758,true
Casablanca,2000,216.17003362616418,285.791083,0.7563918067596398,6.863266458948113,true
Casablanca,2005,216.17003362616418,309.053153,0.6994590785688058,6.863266458948113,true
Casablanca,2010,216.17003362616418,335.6515665,0.6440310583986629,6.863266458948113,true
Casablanca,2015,216.17003362616418,345.6307235,0.6254363947658843,6.863266458948113,true
Casablanca,2020,216.17003362616418,358.93129325,0.6022602032517659,6.863266458948113,true
Budapest,2000,525.9434607055473,308.34146225,1.7057176056300787,5.885245695710833,true
Budapest,2005,525.9434607055473,308.34146225,1.7057176056300787,5.885245695710833,true
Budapest,2010,525.9434607055473,302.93393275,1.7361655590415113,5.885245695710833,true
Budapest,2015,525.9434607055473,300.22605775,1.7518248237583145,5.885245695710833,true
Budapest,2020,525.9434607055473,305.63358725,1.7208300482870025,5.885245695710833,true
Seattle,2000,303.2546226967467,358.6607445,0.845519414508288,5.300196059732763,true
Seattle,2005,303.2546226967467,388.278059,0.7810243604229687,5.300196059732763,true
Seattle,2010,303.2546226967467,423.326664,0.7163607882180243,5.300196059732763,true
Seattle,2015,303.2546226967467,757.3376545,0.40042195300187167,5.300196059732763,true
Seattle,2020,303.2546226967467,911.52979025,0.33268756099959695,5.300196059732763,true
Vancouver,2000,136.59831365497467,434.09137725,0.31467640412563547,4.868440584711566,true
Vancouver,2005,136.59831365497467,434.09137725,0.31467640412563547,4.868440584711566,true
Vancouver,2010,136.59831365497467,444.537296,0.3072820095953764,4.868440584711566,true
Vancouver,2015,136.59831365497467,460.214612,0.29681437766903124,4.868440584711566,true
Vancouver,2020,136.59831365497467,491.57867425,0.2778768095735281,4.868440584711566,true
Boston,2000,203.0737268066463,431.43740175,0.4706910573421242,8.388570647532966,true
Boston,2005,203.0737268066463,437.33883925,0.46433956598709825,8.388570647532966,true
Boston,2010,203.0737268066463,443.25691325,0.45814001031070506,8.388570647532966,true
Boston,2015,203.0737268066463,443.25691325,0.45814001031070506,8.388570647532966,true
Boston,2020,203.0737268066463,443.25691325,0.45814001031070506,8.388570647532966,true
Houston,2000,1587.6044484297374,799.66447375,1.9853382268999886,27.216753455033782,true
Houston,2005,1587.6044484297374,1052.114123,1.5089660082718397,27.216753455033782,true
Houston,2010,1587.6044484297374,1110.93021625,1.4290766649491045,27.216753455033782,true
Houston,2015,1587.6044484297374,1245.77533725,1.2743906553282005,27.216753455033782,true
Houston,2020,1587.6044484297374,1290.79360975,1.2299444593138507,27.216753455033782,true
Dallas,2000,998.6533761547144,800.8453945,1.2469989626127698,15.429288434590257,true
Dallas,2005,998.6533761547144,804.19641025,1.2418028275508761,15.429288434590257,true
Dallas,2010,998.6533761547144,814.25475525,1.2264630568207102,15.429288434590257,true
Dallas,2015,998.6533761547144,1051.82550875,0.949447762815264,15.429288434590257,true
Dallas,2020,998.6533761547144,1078.649537,0.9258367448357921,15.429288434590257,true
Atlanta,2000,352.24996370155486,126.00625725,2.7954958062335025,9.382931088156264,true
Atlanta,2005,352.24996370155486,139.27075525,2.5292457348223856,9.382931088156264,true
Atlanta,2010,352.24996370155486,149.226805,2.3605006064530754,9.382931088156264,true
Atlanta,2015,352.24996370155486,169.12662225,2.0827588171238065,9.382931088156264,true
Atlanta,2020,352.24996370155486,228.8103855,1.5394841581679641,9.382931088156264,true
Philadelphia,2000,369.190173835591,514.44961425,0.7176410742844502,6.23484962798452,true
Philadelphia,2005,369.190173835591,542.027236,0.6811284550202769,6.23484962798452,true
Philadelphia,2010,369.190173835591,563.464092,0.6552150865996816,6.23484962798452,true
Philadelphia,2015,369.190173835591,563.464092,0.6552150865996816,6.23484962798452,true
Philadelphia,2020,369.190173835591,563.42684375,0.6552584029869291,6.23484962798452,true
Phoenix,2000,1292.866244915783,854.472532,1.5130577010938755,15.774568215440189,true
Phoenix,2005,1292.866244915783,944.17360075,1.36930988526771,15.774568215440189,true
Phoenix,2010,1292.866244915783,1053.91101875,1.226731879555826,15.774568215440189,true
Phoenix,2015,1292.866244915783,1140.3591745,1.1337359963650495,15.774568215440189,true
Phoenix,2020,1292.866244915783,1156.99268275,1.1174368379260893,15.774568215440189,true
Montreal,2000,440.0451144839366,692.3333905,0.6355971278030343,9.675038051446785,true
Montreal,2005,440.0451144839366,801.56107175,0.5489851366199865,9.675038051446785,true
Montreal,2010,440.0451144839366,823.99353025,0.5340395261967975,9.675038051446785,true
Montreal,2015,440.0451144839366,882.7492025,0.4984939247044367,9.675038051446785,true
Montreal,2020,440.0451144839366,924.88783975,0.4757821387324998,9.675038051446785,true
Birmingham,2000,267.9646973959616,619.51826925,0.4325371997832517,6.508021166596511,true
Birmingham,2005,267.9646973959616,619.51826925,0.4325371997832517,6.508021166596511,true
Birmingham,2010,267.9646973959616,631.7393845,0.4241696876442909,6.508021166596511,true
Birmingham,2015,267.9646973959616,646.37572525,0.4145649146900131,6.508021166596511,true
Birmingham,2020,267.9646973959616,643.93386725,0.4161369839737398,6.508021166596511,true
Manchester,2000,115.72877724823257,629.53893725,0.1838310077431713,8.094090718252032,true
Manchester,2005,115.72877724823257,698.663867,0.16564299760507376,8.094090718252032,true
Manchester,2010,115.72877724823257,698.663867,0.16564299760507376,8.094090718252032,true
Manchester,2015,115.72877724823257,698.663867,0.16564299760507376,8.094090718252032,true
Manchester,2020,115.72877724823257,708.1707835,0.16341930498214713,8.094090718252032,true
Milan,2000,181.89059975832944,554.84685425,0.3278212688151497,7.970539769969157,true
Milan,2005,181.89059975832944,554.84685425,0.3278212688151497,7.970539769969157,true
Milan,2010,181.89059975832944,554.84685425,0.3278212688151497,7.970539769969157,true
Milan,2015,181.89059975832944,725.6553685,0.25065700283361086,7.970539769969157,true
Milan,2020,181.89059975832944,728.4602015,0.24969188348765192,7.970539769969157,true
Naples,2000,118.61283696958488,383.682197,0.30914344709505737,9.667491901112369,true
Naples,2005,118.61283696958488,383.682197,0.30914344709505737,9.667491901112369,true
Naples,2010,118.61283696958488,395.75115,0.29971571016176424,9.667491901112369,true
Naples,2015,118.61283696958488,401.784008,0.2952154257209383,9.667491901112369,true
Naples,2020,118.61283696958488,401.784008,0.2952154257209383,9.667491901112369,true
Zurich,2000,91.86663839881278,159.9032655,0.5745138356715597,6.13110730276094,true
Zurich,2005,91.86663839881278,165.3171895,0.5556992510982216,6.13110730276094,true
Zurich,2010,91.86663839881278,170.7356765,0.5380635159682796,6.13110730276094,true
Zurich,2015,91.86663839881278,178.86842025,0.5135989811416293,6.13110730276094,true
Zurich,2020,91.86663839881278,181.57629525,0.5059396011595451,6.13110730276094,true
Geneva,2000,18.28477320057635,74.781001,0.24451094470608048,5.323500983936627,true
Geneva,2005,18.28477320057635,80.32228725,0.22764258621851372,5.323500983936627,true
Geneva,2010,18.28477320057635,80.32228725,0.22764258621851372,5.323500983936627,true
Geneva,2015,18.28477320057635,83.093377,0.22005090972023378,5.323500983936627,true
Geneva,2020,18.28477320057635,83.093377,0.22005090972023378,5.323500983936627,true
La Paz,2000,1990.2507582817443,198.30005025,10.036562047123054,6.898093353828083,true
La Paz,2005,1990.2507582817443,213.54854475,9.319898483090666,6.898093353828083,true
La Paz,2010,1990.2507582817443,213.54854475,9.319898483090666,6.898093353828083,true
La Paz,2015,1990.2507582817443,244.045182,8.155255276794378,6.898093353828083,true
La Paz,2020,1990.2507582817443,244.045182,8.155255276794378,6.898093353828083,true
Asuncion,2000,124.83731680379522,338.43210475,0.36886960501579075,5.384790595875469,true
Asuncion,2005,124.83731680379522,388.8134515,0.32107252545452436,5.384790595875469,true
Asuncion,2010,124.83731680379522,424.800114,0.2938730774535414,5.384790595875469,true
Asuncion,2015,124.83731680379522,424.800114,0.2938730774535414,5.384790595875469,true
Asuncion,2020,124.83731680379522,378.0216205,0.3302385631770901,5.384790595875469,true
Montevideo,2000,529.3193908096928,196.4554255,2.6943485498683404,7.813621417410491,true
Montevideo,2005,529.3193908096928,196.4554255,2.6943485498683404,7.813621417410491,true
Montevideo,2010,529.3193908096928,196.4554255,2.6943485498683404,7.813621417410491,true
Montevideo,2015,529.3193908096928,199.7298235,2.650177031822655,7.813621417410491,true
Montevideo,2020,529.3193908096928,196.4554255,2.6943485498683404,7.813621417410491,true
Fianarantsoa,2000,86.53352645729166,-1,-1,5.833182670134256,true
Fianarantsoa,2005,86.53352645729166,-1,-1,5.833182670134256,true
Fianarantsoa,2010,86.53352645729166,-1,-1,5.833182670134256,true
Fianarantsoa,2015,86.53352645729166,-1,-1,5.833182670134256,true
Fianarantsoa,2020,86.53352645729166,-1,-1,5.833182670134256,true
London,2000,1592.0154803236114,1521.293845,1.0464878205851227,6.682460662905953,true
London,2005,1592.0154803236114,1521.293845,1.0464878205851227,6.682460662905953,true
London,2010,1592.0154803236114,1538.7823455,1.0345943238686652,6.682460662905953,true
London,2015,1592.0154803236114,1563.78808775,1.0180506507209846,6.682460662905953,true
London,2020,1592.0154803236114,1563.78808775,1.0180506507209846,6.682460662905953,true
Tehran,2000,630.7143637561617,602.8899195,1.0461517822013637,7.238922165526987,true
Tehran,2005,630.7143637561617,632.075656,0.9978463143914559,7.238922165526987,true
Tehran,2010,630.7143637561617,648.280063,0.9729041501561057,7.238922165526987,true
Tehran,2015,630.7143637561617,648.2836435,0.9728987767623072,7.238922165526987,true
Tehran,2020,630.7143637561617,648.2836435,0.9728987767623072,7.238922165526987,true
Cairo,2000,3003.542402446111,973.29760925,3.0859444982717763,4.184463574894783,true
Cairo,2005,3003.542402446111,1004.35407975,2.9905214336300014,4.184463574894783,true
Cairo,2010,3003.542402446111,1056.06376675,2.844091897679067,4.184463574894783,true
Cairo,2015,3003.542402446111,1273.4735175,2.3585432764573455,4.184463574894783,true
Cairo,2020,3003.542402446111,1431.948882,2.097520686807667,4.184463574894783,true
Belgrade,2000,388.8667174047028,153.321143,2.5362889279054146,7.318150221829341,true
Belgrade,2005,388.8667174047028,153.321143,2.5362889279054146,7.318150221829341,true
Belgrade,2010,388.8667174047028,167.5041295,2.3215351082117817,7.318150221829341,true
Belgrade,2015,388.8667174047028,170.3457815,2.282808027181482,7.318150221829341,true
Belgrade,2020,388.8667174047028,176.0308265,2.2090830631003304,7.318150221829341,true
Washington,2000,177.2089124129117,630.95210525,0.2808595310775559,4.963600631611036,true
Washington,2005,177.2089124129117,739.78984075,0.23953953224507252,4.963600631611036,true
Washington,2010,177.2089124129117,826.89069675,0.21430754162480145,4.963600631611036,true
Washington,2015,177.2089124129117,898.47732625,0.19723248126086107,4.963600631611036,true
Washington,2020,177.2089124129117,923.3488235,0.19191979011917992,4.963600631611036,true
Luanda,2000,121.86087281085709,455.50967325,0.26752642142898136,6.5975247875401815,true
Luanda,2005,121.86087281085709,443.732081,0.2746271410807845,6.5975247875401815,true
Luanda,2010,121.86087281085709,537.972362,0.22651883520153232,6.5975247875401815,true
Luanda,2015,121.86087281085709,797.065408,0.1528869169176855,6.5975247875401815,true
Luanda,2020,121.86087281085709,816.69378125,0.14921244119716637,6.5975247875401815,true
Guadalajara,2000,151.24858325728403,439.458168,0.34417060432765473,5.517860532650951,true
Guadalajara,2005,151.24858325728403,450.6398985,0.335630697061512,5.517860532650951,true
Guadalajara,2010,151.24858325728403,458.08808425,0.33017358114632955,5.517860532650951,true
Guadalajara,2015,151.24858325728403,469.2697985,0.3223062377778058,5.517860532650951,true
Guadalajara,2020,151.24858325728403,491.63621525,0.30764329104676147,5.517860532650951,true
Monterrey,2000,323.5233648266812,527.592314,0.6132071227002014,6.660858563353018,true
Monterrey,2005,323.5233648266812,570.64929125,0.5669390460785597,6.660858563353018,true
Monterrey,2010,323.5233648266812,610.14357525,0.5302413693270814,6.660858563353018,true
Monterrey,2015,323.5233648266812,613.73170225,0.5271413610224356,6.660858563353018,true
Monterrey,2020,323.5233648266812,628.08579575,0.5150942228208816,6.660858563353018,true
Oslo,2000,478.8995216224302,167.01906175,2.867334522207195,5.418109164218401,true
Oslo,2005,478.8995216224302,179.120445875,2.6736172930064743,5.418109164218401,true
Oslo,2010,478.8995216224302,183.138380875,2.6149598971790637,5.418109164218401,true
Oslo,2015,478.8995216224302,183.138380875,2.6149598971790637,5.418109164218401,true
Oslo,2020,478.8995216224302,191.18831275,2.504857722389363,5.418109164218401,true
Beirut,2000,21.47242788291589,89.4617405,0.2400179983410438,8.336190231742687,true
Beirut,2005,21.47242788291589,89.4617405,0.2400179983410438,8.336190231742687,true
Beirut,2010,21.47242788291589,89.4617405,0.2400179983410438,8.336190231742687,true
Beirut,2015,21.47242788291589,89.4617405,0.2400179983410438,8.336190231742687,true
Beirut,2020,21.47242788291589,89.4617405,0.2400179983410438,8.336190231742687,true
Santiago,2000,23.276931315249698,582.2665735,0.039976416944789116,5.0554475524709295,true
Santiago,2005,23.276931315249698,675.4794895,0.03445986395897769,5.0554475524709295,true
Santiago,2010,23.276931315249698,702.0765325,0.033154407301385906,5.0554475524709295,true
Santiago,2015,23.276931315249698,718.7235435,0.0323864878585958,5.0554475524709295,true
Santiago,2020,23.276931315249698,745.3300785,0.031230366231958927,5.0554475524709295,true
Istanbul,2000,5914.7331279642785,941.26784225,6.2837939027277745,5.0652241547097345,true
Istanbul,2005,5914.7331279642785,950.347007,6.223761514897135,5.0652241547097345,true
Istanbul,2010,5914.7331279642785,980.12014775,6.034702114370731,5.0652241547097345,true
Istanbul,2015,5914.7331279642785,1155.4113965,5.119157683472165,5.0652241547097345,true
Istanbul,2020,5914.7331279642785,1158.427016,5.105831482062292,5.0652241547097345,true
Tokyo,2000,2649.283641118821,4354.6344995,0.6083825499988603,15.472439113381304,true
Tokyo,2005,2649.283641118821,4509.7547235,0.5874562594975729,15.472439113381304,true
Tokyo,2010,2649.283641118821,4561.611006,0.5807780710880767,15.472439113381304,true
Tokyo,2015,2649.283641118821,4694.98392175,0.5642795982422303,15.472439113381304,true
Tokyo,2020,2649.283641118821,4740.24877925,0.558891265942795,15.472439113381304,true
Algiers,2000,773.2539471243682,297.54419825,2.5987868413238946,8.81662054030864,true
Algiers,2005,773.2539471243682,355.17754875,2.177091288133871,8.81662054030864,true
Algiers,2010,773.2539471243682,390.386444,1.9807397490584182,8.81662054030864,true
Algiers,2015,773.2539471243682,387.181693,1.9971345781691394,8.81662054030864,true
Algiers,2020,773.2539471243682,403.18192375,1.9178785098605706,8.81662054030864,true
Mexico City,2000,1494.5526174120555,1759.72046075,0.8493125190890097,5.343704637846737,true
Mexico City,2005,1494.5526174120555,1815.929909,0.8230232951199525,5.343704637846737,true
Mexico City,2010,1494.5526174120555,1883.4986955,0.7934980900081305,5.343704637846737,true
Mexico City,2015,1494.5526174120555,1947.31563625,0.7674937691612014,5.343704637846737,true
Mexico City,2020,1494.5526174120555,1969.835427,0.7587195340923552,5.343704637846737,true
Moscow,2000,2562.649242542852,1293.504532,1.9811675793516679,14.660247801138551,true
Moscow,2005,2562.649242542852,1351.88050925,1.8956181593035657,14.660247801138551,true
Moscow,2010,2562.649242542852,1374.5749215,1.8643212548548245,14.660247801138551,true
Moscow,2015,2562.649242542852,1401.7056175,1.8282364075228883,14.660247801138551,true
Moscow,2020,2562.649242542852,1426.45851025,1.7965115873533006,14.660247801138551,true
Beijing,2000,16518.503673036077,1139.95773225,14.490452764799059,9.134791011586008,true
Beijing,2005,16518.503673036077,1222.67927225,13.51008727140551,9.134791011586008,true
Beijing,2010,16518.503673036077,1384.95738325,11.927084452427737,9.134791011586008,true
Beijing,2015,16518.503673036077,1705.9802935,9.682704856541227,9.134791011586008,true
Beijing,2020,16518.503673036077,1831.42710625,9.019470999781745,9.134791011586008,true
Shanghai,2000,8245.132892941067,1524.316384,5.409069258512324,8.433647572560657,true
Shanghai,2005,8245.132892941067,1940.3120795,4.249384921144108,8.433647572560657,true
Shanghai,2010,8245.132892941067,2254.18550025,3.657699373909841,8.433647572560657,true
Shanghai,2015,8245.132892941067,2496.7793775,3.3023073513194565,8.433647572560657,true
Shanghai,2020,8245.132892941067,2622.98988875,3.1434100940702936,8.433647572560657,true
Amman,2000,7612.552928180299,287.559913,26.472928193507624,5.714731147928084,true
Amman,2005,7612.552928180299,378.95328775,20.088367548884786,5.714731147928084,true
Amman,2010,7612.552928180299,409.383552,18.59516067753572,5.714731147928084,true
Amman,2015,7612.552928180299,436.45200125,17.441901758676604,5.714731147928084,true
Amman,2020,7612.552928180299,446.596508,17.04570634076767,5.714731147928084,true
Astana,2000,800.2688357541512,57.7702365,13.852614845261211,7.750971366852772,true
Astana,2005,800.2688357541512,90.4348025,8.849124602822581,7.750971366852772,true
Astana,2010,800.2688357541512,100.4855875,7.9640160909060835,7.750971366852772,true
Astana,2015,800.2688357541512,115.572409,6.924393483518641,7.750971366852772,true
Astana,2020,800.2688357541512,148.2360035,5.398613136208513,7.750971366852772,true
Harare,2000,957.7295322246055,348.4005095,2.7489326396194764,6.073526522846541,true
Harare,2005,957.7295322246055,348.4005095,2.7489326396194764,6.073526522846541,true
Harare,2010,957.7295322246055,359.76367575,2.6621073687554055,6.073526522846541,true
Harare,2015,957.7295322246055,355.9784385,2.6904144426843017,6.073526522846541,true
Harare,2020,957.7295322246055,443.04446975,2.1617006815704767,6.073526522846541,true
Kinshasa,2000,10741.538477696127,336.755778,31.89711707840727,6.137058617432041,true
Kinshasa,2005,10741.538477696127,336.755778,31.89711707840727,6.137058617432041,true
Kinshasa,2010,10741.538477696127,340.71717075,31.526261074695565,6.137058617432041,true
Kinshasa,2015,10741.538477696127,356.56312025,30.125208883534633,6.137058617432041,true
Kinshasa,2020,10741.538477696127,562.60679625,19.092443513467646,6.137058617432041,true
Blantyre,2000,2004.9978216680836,-1,-1,5.567200120316946,true
Blantyre,2005,2004.9978216680836,156.90100025,12.778744676409948,5.567200120316946,true
Blantyre,2010,2004.9978216680836,160.72787875,12.47448692324687,5.567200120316946,true
Blantyre,2015,2004.9978216680836,172.21115775,11.642670822634798,5.567200120316946,true
Blantyre,2020,2004.9978216680836,172.21115775,11.642670822634798,5.567200120316946,true
National Capital District,2000,337.0930132199908,3.92041525,85.98400723494552,4.370808517185251,false
National Capital District,2005,337.0930132199908,3.92041525,85.98400723494552,4.370808517185251,false
National Capital District,2010,337.0930132199908,3.92041525,85.98400723494552,4.370808517185251,false
National Capital District,2015,337.0930132199908,3.92041525,85.98400723494552,4.370808517185251,false
National Capital District,2020,337.0930132199908,3.92041525,85.98400723494552,4.370808517185251,false
Dili,2000,223.47753103913908,3.930119,56.862789915302585,8.990170866654736,false
Dili,2005,223.47753103913908,27.51029075,8.123415818102144,8.990170866654736,true
Dili,2010,223.47753103913908,27.51029075,8.123415818102144,8.990170866654736,true
Dili,2015,223.47753103913908,35.370348,6.318216915455259,8.990170866654736,true
Dili,2020,223.47753103913908,35.370348,6.318216915455259,8.990170866654736,true
Phnom Penh,2000,689.0413788188646,81.7941105,8.42409526317747,6.247174508290543,true
Phnom Penh,2005,689.0413788188646,136.322856,5.054481684412954,6.247174508290543,true
Phnom Penh,2010,689.0413788188646,167.477062,4.114243291531259,6.247174508290543,true
Phnom Penh,2015,689.0413788188646,272.63985175,2.5272951639171533,6.247174508290543,true
Phnom Penh,2020,689.0413788188646,280.4304655,2.4570846023819923,6.247174508290543,true
Honiara,2000,35.12849629740347,3.92081425,8.959490059342514,5.020387497460475,false
Honiara,2005,35.12849629740347,3.92081425,8.959490059342514,5.020387497460475,false
Honiara,2010,35.12849629740347,3.92081425,8.959490059342514,5.020387497460475,false
Honiara,2015,35.12849629740347,3.92081425,8.959490059342514,5.020387497460475,false
Honiara,2020,35.12849629740347,19.60367275,1.7919344372550532,5.020387497460475,true
Paris,2000,105.38667717320388,1243.88402325,0.0847238771488127,5.340686874112546,true
Paris,2005,105.38667717320388,1272.9902875,0.08278670953583679,5.340686874112546,true
Paris,2010,105.38667717320388,1275.62520575,0.08261570616366277,5.340686874112546,true
Paris,2015,105.38667717320388,1275.62520575,0.08261570616366277,5.340686874112546,true
Paris,2020,105.38667717320388,1280.89971125,0.08227551013370085,5.340686874112546,true
Prague,2000,496.25223497420143,218.510521,2.2710679225107033,7.259275132007827,true
Prague,2005,496.25223497420143,223.644459,2.218933736132499,7.259275132007827,true
Prague,2010,496.25223497420143,233.927573,2.1213926541878902,7.259275132007827,true
Prague,2015,496.25223497420143,244.21354275,2.0320422421544904,7.259275132007827,true
Prague,2020,496.25223497420143,244.21354275,2.0320422421544904,7.259275132007827,true
